Workbook

Sheet Read me first (SOP)
B1: Thruster Package Register — How to handle incoming submissions
B2: Non-technical intake guide for the admin / shared-mailbox team. Keep this workbook on the shared drive so everyone updates the same file.
B4: THE GOLDEN RULE
B5: One thruster = ONE BV project registration = ONE review package — no matter how many separate deliveries (tranches) of drawings arrive over the months. Everything for that thruster is keyed to the CLIENT PO NUMBER (plus vessel/hull and thruster tag). You never need to understand the drawings — you only need to match the PO number.
B7: WHY THIS MATTERS
B8: Thruster drawings do not all arrive at once. A typical thruster is delivered in tranches over ~6 months: Mechanical / structural first, then Hydraulic, then Electrical / Control, and the Torsional Vibration (TVC) usually LAST. If a later tranche is opened as a NEW package, one thruster ends up split across several packages — which is wrong. This workbook stops that.
B10: STEP-BY-STEP — every time a submission email arrives
B11: 1. Open the 'Intake Log' sheet. Add a new row.
B12: 2. Enter today's Date and the Client PO number (read it from the email / subject / cover letter).
B13: 3. Look at the 'ACTION' column — it fills in automatically:
B14: ✓ EXISTING → route to BV-Reg-XXX = this PO is already registered. Do NOT create a new package.
B15: ➤ NEW PACKAGE — create BV registration = this PO has never been seen before.
... B31: Tip: keeping the client disciplined about quoting the BV Reg No is the single most effective fix — it removes the guesswork entirely.

Sheet Package Register
A1: BV Reg No | B1: Client PO No | C1: Client / Yard | D1: Vessel / Hull No | E1: Thruster tag(s) & qty | F1: Thruster type | G1: Prime mover | H1: Date opened | I1: Mechanical rcvd | J1: Hydraulic rcvd | K1: Electrical rcvd | L1: Control rcvd | M1: TVC rcvd | N1: Testing/other rcvd | O1: Still outstanding | P1: Status | Q1: Last update | R1: Notes
O2: =IF(COUNTA(A2)=0,"",TRIM(IF(I2="","Mechanical ","")&IF(J2="","Hydraulic ","")&IF(K2="","Electrical ","")&IF(L2="","Control ","")&IF(M2="","TVC ","")&IF(N2="","Testing ","")))
O3: =IF(COUNTA(A3)=0,"",TRIM(IF(I3="","Mechanical ","")&IF(J3="","Hydraulic ","")&IF(K3="","Electrical ","")&IF(L3="","Control ","")&IF(M3="","TVC ","")&IF(N3="","Testing ","")))
O4: =IF(COUNTA(A4)=0,"",TRIM(IF(I4="","Mechanical ","")&IF(J4="","Hydraulic ","")&IF(K4="","Electrical ","")&IF(L4="","Control ","")&IF(M4="","TVC ","")&IF(N4="","Testing ","")))
O5: =IF(COUNTA(A5)=0,"",TRIM(IF(I5="","Mechanical ","")&IF(J5="","Hydraulic ","")&IF(K5="","Electrical ","")&IF(L5="","Control ","")&IF(M5="","TVC ","")&IF(N5="","Testing ","")))
O6: =IF(COUNTA(A6)=0,"",TRIM(IF(I6="","Mechanical ","")&IF(J6="","Hydraulic ","")&IF(K6="","Electrical ","")&IF(L6="","Control ","")&IF(M6="","TVC ","")&IF(N6="","Testing ","")))
O7: =IF(COUNTA(A7)=0,"",TRIM(IF(I7="","Mechanical ","")&IF(J7="","Hydraulic ","")&IF(K7="","Electrical ","")&IF(L7="","Control ","")&IF(M7="","TVC ","")&IF(N7="","Testing ","")))
O8: =IF(COUNTA(A8)=0,"",TRIM(IF(I8="","Mechanical ","")&IF(J8="","Hydraulic ","")&IF(K8="","Electrical ","")&IF(L8="","Control ","")&IF(M8="","TVC ","")&IF(N8="","Testing ","")))
O9: =IF(COUNTA(A9)=0,"",TRIM(IF(I9="","Mechanical ","")&IF(J9="","Hydraulic ","")&IF(K9="","Electrical ","")&IF(L9="","Control ","")&IF(M9="","TVC ","")&IF(N9="","Testing ","")))
O10: =IF(COUNTA(A10)=0,"",TRIM(IF(I10="","Mechanical ","")&IF(J10="","Hydraulic ","")&IF(K10="","Electrical ","")&IF(L10="","Control ","")&IF(M10="","TVC ","")&IF(N10="","Testing ","")))
O11: =IF(COUNTA(A11)=0,"",TRIM(IF(I11="","Mechanical ","")&IF(J11="","Hydraulic ","")&IF(K11="","Electrical ","")&IF(L11="","Control ","")&IF(M11="","TVC ","")&IF(N11="","Testing ","")))
O12: =IF(COUNTA(A12)=0,"",TRIM(IF(I12="","Mechanical ","")&IF(J12="","Hydraulic ","")&IF(K12="","Electrical ","")&IF(L12="","Control ","")&IF(M12="","TVC ","")&IF(N12="","Testing ","")))
O13: =IF(COUNTA(A13)=0,"",TRIM(IF(I13="","Mechanical ","")&IF(J13="","Hydraulic ","")&IF(K13="","Electrical ","")&IF(L13="","Control ","")&IF(M13="","TVC ","")&IF(N13="","Testing ","")))
... O299: =IF(COUNTA(A299)=0,"",TRIM(IF(I299="","Mechanical ","")&IF(J299="","Hydraulic ","")&IF(K299="","Electrical ","")&IF(L299="","Control ","")&IF(M299="","TVC ","")&IF(N299="","Testing ","")))
A300: BV-THR-2026-001 | B300: PO-88123 | C300: Damen / Yard 512 | D300: MV Northern Star / H-512 | E300: AZ-1 & AZ-2 (2 off) | F300: Azimuth (rotating) | G300: Diesel | H300: 2026-01-15 | I300: 2026-01-15 | J300: 2026-03-02 | P300: Open - awaiting drawings | Q300: 2026-03-02 | R300: EXAMPLE ROW — delete. Awaiting Electrical, Control, TVC.

Sheet Intake Log
A1: Date received | B1: Client PO No | C1: BV Reg No (auto) | D1: ACTION (auto) | E1: Vessel/Hull (auto) | F1: Thruster tag (auto) | G1: Sender / email | H1: Drawings received (titles / count) | I1: Discipline | J1: Tranche # | K1: Routed to | L1: Notes
A2: 2026-01-15 | B2: PO-88123 | C2: =IF($B2="","",IFERROR(INDEX('Package Register'!$A:$A,MATCH($B2,'Package Register'!$B:$B,0)),"")) | D2: =IF($B2="","",IF($C2="","➤ NEW PACKAGE — create BV registration","✓ EXISTING — route to "&$C2)) | E2: =IF($C2="","",IFERROR(INDEX('Package Register'!$D:$D,MATCH($B2,'Package Register'!$B:$B,0)),"")) | F2: =IF($C2="","",IFERROR(INDEX('Package Register'!$E:$E,MATCH($B2,'Package Register'!$B:$B,0)),"")) | G2: engineering@damen.example | H2: GA + propeller + shaft (5 dwgs) | I2: Mechanical | J2: 1 | K2: Machinery reviewer
A3: 2026-03-02 | B3: PO-88123 | C3: =IF($B3="","",IFERROR(INDEX('Package Register'!$A:$A,MATCH($B3,'Package Register'!$B:$B,0)),"")) | D3: =IF($B3="","",IF($C3="","➤ NEW PACKAGE — create BV registration","✓ EXISTING — route to "&$C3)) | E3: =IF($C3="","",IFERROR(INDEX('Package Register'!$D:$D,MATCH($B3,'Package Register'!$B:$B,0)),"")) | F3: =IF($C3="","",IFERROR(INDEX('Package Register'!$E:$E,MATCH($B3,'Package Register'!$B:$B,0)),"")) | G3: engineering@damen.example | H3: HPU + hydraulic schematic (3 dwgs) | I3: Hydraulic | J3: 2 | K3: Machinery reviewer
C4: =IF($B4="","",IFERROR(INDEX('Package Register'!$A:$A,MATCH($B4,'Package Register'!$B:$B,0)),"")) | D4: =IF($B4="","",IF($C4="","➤ NEW PACKAGE — create BV registration","✓ EXISTING — route to "&$C4)) | E4: =IF($C4="","",IFERROR(INDEX('Package Register'!$D:$D,MATCH($B4,'Package Register'!$B:$B,0)),"")) | F4: =IF($C4="","",IFERROR(INDEX('Package Register'!$E:$E,MATCH($B4,'Package Register'!$B:$B,0)),""))
C5: =IF($B5="","",IFERROR(INDEX('Package Register'!$A:$A,MATCH($B5,'Package Register'!$B:$B,0)),"")) | D5: =IF($B5="","",IF($C5="","➤ NEW PACKAGE — create BV registration","✓ EXISTING — route to "&$C5)) | E5: =IF($C5="","",IFERROR(INDEX('Package Register'!$D:$D,MATCH($B5,'Package Register'!$B:$B,0)),"")) | F5: =IF($C5="","",IFERROR(INDEX('Package Register'!$E:$E,MATCH($B5,'Package Register'!$B:$B,0)),""))
C6: =IF($B6="","",IFERROR(INDEX('Package Register'!$A:$A,MATCH($B6,'Package Register'!$B:$B,0)),"")) | D6: =IF($B6="","",IF($C6="","➤ NEW PACKAGE — create BV registration","✓ EXISTING — route to "&$C6)) | E6: =IF($C6="","",IFERROR(INDEX('Package Register'!$D:$D,MATCH($B6,'Package Register'!$B:$B,0)),"")) | F6: =IF($C6="","",IFERROR(INDEX('Package Register'!$E:$E,MATCH($B6,'Package Register'!$B:$B,0)),""))
C7: =IF($B7="","",IFERROR(INDEX('Package Register'!$A:$A,MATCH($B7,'Package Register'!$B:$B,0)),"")) | D7: =IF($B7="","",IF($C7="","➤ NEW PACKAGE — create BV registration","✓ EXISTING — route to "&$C7)) | E7: =IF($C7="","",IFERROR(INDEX('Package Register'!$D:$D,MATCH($B7,'Package Register'!$B:$B,0)),"")) | F7: =IF($C7="","",IFERROR(INDEX('Package Register'!$E:$E,MATCH($B7,'Package Register'!$B:$B,0)),""))
C8: =IF($B8="","",IFERROR(INDEX('Package Register'!$A:$A,MATCH($B8,'Package Register'!$B:$B,0)),"")) | D8: =IF($B8="","",IF($C8="","➤ NEW PACKAGE — create BV registration","✓ EXISTING — route to "&$C8)) | E8: =IF($C8="","",IFERROR(INDEX('Package Register'!$D:$D,MATCH($B8,'Package Register'!$B:$B,0)),"")) | F8: =IF($C8="","",IFERROR(INDEX('Package Register'!$E:$E,MATCH($B8,'Package Register'!$B:$B,0)),""))
C9: =IF($B9="","",IFERROR(INDEX('Package Register'!$A:$A,MATCH($B9,'Package Register'!$B:$B,0)),"")) | D9: =IF($B9="","",IF($C9="","➤ NEW PACKAGE — create BV registration","✓ EXISTING — route to "&$C9)) | E9: =IF($C9="","",IFERROR(INDEX('Package Register'!$D:$D,MATCH($B9,'Package Register'!$B:$B,0)),"")) | F9: =IF($C9="","",IFERROR(INDEX('Package Register'!$E:$E,MATCH($B9,'Package Register'!$B:$B,0)),""))
C10: =IF($B10="","",IFERROR(INDEX('Package Register'!$A:$A,MATCH($B10,'Package Register'!$B:$B,0)),"")) | D10: =IF($B10="","",IF($C10="","➤ NEW PACKAGE — create BV registration","✓ EXISTING — route to "&$C10)) | E10: =IF($C10="","",IFERROR(INDEX('Package Register'!$D:$D,MATCH($B10,'Package Register'!$B:$B,0)),"")) | F10: =IF($C10="","",IFERROR(INDEX('Package Register'!$E:$E,MATCH($B10,'Package Register'!$B:$B,0)),""))
C11: =IF($B11="","",IFERROR(INDEX('Package Register'!$A:$A,MATCH($B11,'Package Register'!$B:$B,0)),"")) | D11: =IF($B11="","",IF($C11="","➤ NEW PACKAGE — create BV registration","✓ EXISTING — route to "&$C11)) | E11: =IF($C11="","",IFERROR(INDEX('Package Register'!$D:$D,MATCH($B11,'Package Register'!$B:$B,0)),"")) | F11: =IF($C11="","",IFERROR(INDEX('Package Register'!$E:$E,MATCH($B11,'Package Register'!$B:$B,0)),""))
C12: =IF($B12="","",IFERROR(INDEX('Package Register'!$A:$A,MATCH($B12,'Package Register'!$B:$B,0)),"")) | D12: =IF($B12="","",IF($C12="","➤ NEW PACKAGE — create BV registration","✓ EXISTING — route to "&$C12)) | E12: =IF($C12="","",IFERROR(INDEX('Package Register'!$D:$D,MATCH($B12,'Package Register'!$B:$B,0)),"")) | F12: =IF($C12="","",IFERROR(INDEX('Package Register'!$E:$E,MATCH($B12,'Package Register'!$B:$B,0)),""))
C13: =IF($B13="","",IFERROR(INDEX('Package Register'!$A:$A,MATCH($B13,'Package Register'!$B:$B,0)),"")) | D13: =IF($B13="","",IF($C13="","➤ NEW PACKAGE — create BV registration","✓ EXISTING — route to "&$C13)) | E13: =IF($C13="","",IFERROR(INDEX('Package Register'!$D:$D,MATCH($B13,'Package Register'!$B:$B,0)),"")) | F13: =IF($C13="","",IFERROR(INDEX('Package Register'!$E:$E,MATCH($B13,'Package Register'!$B:$B,0)),""))
C14: =IF($B14="","",IFERROR(INDEX('Package Register'!$A:$A,MATCH($B14,'Package Register'!$B:$B,0)),"")) | D14: =IF($B14="","",IF($C14="","➤ NEW PACKAGE — create BV registration","✓ EXISTING — route to "&$C14)) | E14: =IF($C14="","",IFERROR(INDEX('Package Register'!$D:$D,MATCH($B14,'Package Register'!$B:$B,0)),"")) | F14: =IF($C14="","",IFERROR(INDEX('Package Register'!$E:$E,MATCH($B14,'Package Register'!$B:$B,0)),""))
C15: =IF($B15="","",IFERROR(INDEX('Package Register'!$A:$A,MATCH($B15,'Package Register'!$B:$B,0)),"")) | D15: =IF($B15="","",IF($C15="","➤ NEW PACKAGE — create BV registration","✓ EXISTING — route to "&$C15)) | E15: =IF($C15="","",IFERROR(INDEX('Package Register'!$D:$D,MATCH($B15,'Package Register'!$B:$B,0)),"")) | F15: =IF($C15="","",IFERROR(INDEX('Package Register'!$E:$E,MATCH($B15,'Package Register'!$B:$B,0)),""))
... C599: =IF($B599="","",IFERROR(INDEX('Package Register'!$A:$A,MATCH($B599,'Package Register'!$B:$B,0)),"")) | D599: =IF($B599="","",IF($C599="","➤ NEW PACKAGE — create BV registration","✓ EXISTING — route to "&$C599)) | E599: =IF($C599="","",IFERROR(INDEX('Package Register'!$D:$D,MATCH($B599,'Package Register'!$B:$B,0)),"")) | F599: =IF($C599="","",IFERROR(INDEX('Package Register'!$E:$E,MATCH($B599,'Package Register'!$B:$B,0)),""))

Sheet Lists
A1: Thruster type | B1: Prime mover | C1: Discipline | D1: Status | E1: Yes/No/NA
A2: Tunnel (transverse) | B2: Electric | C2: General/Admin | D2: Open - awaiting drawings | E2: Yes
A3: Retractable tunnel | B3: Diesel | C3: Structural | D3: In review | E3: No
A4: Azimuth (rotating) | B4: Hydraulic | C4: Mechanical | D4: Complete - all received | E4: N/A
A5: Retractable azimuth | C5: Hydraulic | D5: On hold
A6: Azimuth CP | C6: Electrical | D6: Closed
A7: Podded | C7: Control
A8: Water-jet | C8: Torsional Vibration (TVC)
A9: Voith-Schneider | C9: Testing
A10: Rim-driven | C10: Other
A11: Pump-jet
A12: Gill/hydro-jet
A13: Steering grid/nozzle
A14: Other
